id,nombre,apellido,genero,email,seccion,matematicas,sociales,biologia,educacion_fisica,artes
1,Fidelia,Congram,fcongram0@pinterest.com,Female,C,11,12,18,2,17
2,Amie,Shaw,ashaw1@nasa.gov,Female,B,3,4,3,6,10
3,Jammal,Peret,jperet2@mapy.cz,Male,E,5,6,12,12,11
4,Aubrie,Kirvell,akirvell3@oracle.com,Female,F,3,9,3,15,7
5,Winona,Padula,wpadula4@vkontakte.ru,Female,F,14,7,16,10,2
6,Cesaro,Lamplugh,clamplugh5@skyrock.com,Non-binary,D,12,19,6,7,19
7,Ashien,Noades,anoades6@mapquest.com,Non-binary,F,15,4,14,9,7
8,Lucien,Jeffries,ljeffries7@deliciousdays.com,Bigender,C,7,18,10,16,10
9,Sharyl,Canete,scanete8@sphinn.com,Female,C,15,7,11,17,2
10,Bibbye,Izzatt,bizzatt9@sbwire.com,Female,E,19,5,8,18,12
11,Stinky,de la Valette Parisot,sdelavaletteparisota@amazon.de,Male,A,6,20,19,13,15
12,Stearne,Logg,sloggb@nifty.com,Male,C,16,16,15,13,7
13,Powell,Chesshire,pchesshirec@eventbrite.com,Male,E,2,2,18,12,5
14,Alvy,Shere,ashered@desdev.cn,Male,F,17,11,5,14,17
15,Cyndie,Clinch,cclinche@kickstarter.com,Female,E,10,9,19,14,18
16,Jeannie,Deam,jdeamf@yale.edu,Female,D,9,10,1,16,17
17,Johnette,Salterne,jsalterneg@mit.edu,Female,B,20,20,15,15,11
18,Angelique,Wardell,awardellh@sbwire.com,Female,D,18,10,4,2,12
19,Ellswerth,Sumbler,esumbleri@about.me,Male,A,18,13,2,7,17
20,Cheri,Houseago,chouseagoj@narod.ru,Female,A,17,15,5,7,1
21,Ofella,Poad,opoadk@reddit.com,Female,E,10,9,5,4,7
22,Bambi,Hemmingway,bhemmingwayl@theglobeandmail.com,Female,A,15,13,4,18,3
23,Piper,Snoddy,psnoddym@blogtalkradio.com,Female,C,18,20,9,11,14
24,Mavis,Hickinbottom,mhickinbottomn@state.tx.us,Female,F,16,13,8,18,10
25,Charleen,Patrickson,cpatricksono@epa.gov,Female,D,4,1,6,16,7
26,Crichton,Reuven,creuvenp@nytimes.com,Male,E,11,20,13,5,2
27,Ferguson,Rentz,frentzq@plala.or.jp,Male,C,12,6,4,7,17
28,Waldon,Rathbone,wrathboner@usa.gov,Male,D,16,10,18,15,9
29,Tyson,Wear,twears@bloglovin.com,Male,E,1,5,18,7,12
30,Filide,Tourmell,ftourmellt@loc.gov,Female,B,5,11,10,20,20
31,Thoma,Goring,tgoringu@ow.ly,Male,B,18,6,20,19,14
32,Petey,Brydell,pbrydellv@prweb.com,Male,B,3,1,10,17,19
33,Barn,Kinghorne,bkinghornew@wsj.com,Male,D,15,19,2,4,17
34,Ailyn,Bessent,abessentx@upenn.edu,Genderqueer,C,6,16,17,16,3
35,Sheffield,Lapthorne,slapthorney@usda.gov,Male,D,10,15,1,13,9
36,Ollie,Belasco,obelascoz@fotki.com,Female,D,18,12,7,9,11
37,Cello,Thursby,cthursby10@dyndns.org,Male,B,16,2,7,13,9
38,Hildagard,Coyte,hcoyte11@csmonitor.com,Female,D,19,9,15,15,8
39,Fax,Bellie,fbellie12@mit.edu,Male,B,20,20,15,17,10
40,Tito,Tackes,ttackes13@hostgator.com,Male,F,14,12,16,20,4
41,Koo,Breukelman,kbreukelman14@discuz.net,Female,F,13,9,17,15,11
42,Nolana,Kullmann,nkullmann15@marketwatch.com,Female,F,8,11,6,16,2
43,Audry,Clausewitz,aclausewitz16@dyndns.org,Female,F,8,15,10,1,20
44,Lizabeth,Flaunier,lflaunier17@arizona.edu,Female,E,9,14,6,4,11
45,Hamel,Andrejevic,handrejevic18@rambler.ru,Male,C,2,10,15,18,6
46,Fredelia,Cabel,fcabel19@si.edu,Female,D,20,4,16,4,19
47,Juan,Dodgson,jdodgson1a@amazon.co.jp,Male,A,13,12,20,13,19
48,Llywellyn,Varndall,lvarndall1b@ucoz.ru,Male,B,2,20,2,3,18
49,Jocko,Halvosen,jhalvosen1c@discovery.com,Genderqueer,C,15,8,2,17,16
50,Mommy,Daville,mdaville1d@geocities.jp,Female,C,5,4,1,5,18
51,Vincenz,Wensley,vwensley1e@symantec.com,Male,F,11,17,17,18,4
52,Erda,Ruddick,eruddick1f@cloudflare.com,Agender,D,6,4,13,4,15
53,Marcus,Grimmert,mgrimmert1g@lulu.com,Male,B,1,6,5,5,14
54,Dolph,Minard,dminard1h@tiny.cc,Male,C,17,8,15,16,19
55,Reynolds,Precious,rprecious1i@tiny.cc,Male,F,15,14,17,9,12
56,Aguistin,Goacher,agoacher1j@princeton.edu,Male,C,13,7,19,13,9
57,Neil,Dikes,ndikes1k@washington.edu,Male,D,20,9,9,12,7
58,Dame,Hillan,dhillan1l@github.com,Male,F,13,5,12,9,19
59,Calv,Stambridge,cstambridge1m@blogs.com,Male,E,7,14,15,5,2
60,Jerald,Stubbley,jstubbley1n@edublogs.org,Bigender,A,17,1,1,16,18
61,Jedd,Measey,jmeasey1o@desdev.cn,Male,F,12,11,10,15,10
62,Jere,Ferreiro,jferreiro1p@rediff.com,Female,C,11,17,9,13,16
63,Astrix,Storch,astorch1q@webmd.com,Female,C,13,6,4,10,11
64,Isidoro,Castellani,icastellani1r@bluehost.com,Non-binary,A,8,18,17,13,8
65,Decca,Tudbald,dtudbald1s@vimeo.com,Male,A,4,20,3,15,14
66,Hermann,Townes,htownes1t@google.ca,Male,B,12,3,11,14,14
67,Brandon,Hullot,bhullot1u@nymag.com,Male,D,14,12,6,13,17
68,Orson,Harmstone,oharmstone1v@redcross.org,Male,A,19,10,14,12,13
69,Marcia,Guidotti,mguidotti1w@huffingtonpost.com,Female,B,14,11,1,3,16
70,Alysia,Standfield,astandfield1x@nbcnews.com,Female,B,4,9,6,13,16
71,Samuel,Engledow,sengledow1y@state.gov,Male,B,14,17,13,20,6
72,Freddy,Tesseyman,ftesseyman1z@cocolog-nifty.com,Male,B,3,13,19,17,7
73,Dallas,Sellers,dsellers20@constantcontact.com,Genderfluid,D,3,1,15,2,13
74,Randa,Holberry,rholberry21@yale.edu,Agender,C,14,4,9,11,16
75,Alejandro,Musterd,amusterd22@moonfruit.com,Male,B,19,4,14,4,20
76,Ozzie,Salsberg,osalsberg23@hao123.com,Male,D,9,11,6,9,8
77,Briney,Brenard,bbrenard24@sakura.ne.jp,Non-binary,E,9,19,7,16,7
78,Elyse,Kenwrick,ekenwrick25@php.net,Female,C,7,15,16,1,2
79,Zarla,Rigate,zrigate26@bravesites.com,Female,C,5,13,8,16,11
80,Jeremie,Seabert,jseabert27@wordpress.org,Male,D,16,15,10,15,4
81,Randell,Mealham,rmealham28@upenn.edu,Male,C,17,8,16,9,19
82,Tynan,Fossord,tfossord29@instagram.com,Male,B,19,18,10,17,1
83,Baldwin,Edgar,bedgar2a@yahoo.co.jp,Genderqueer,D,20,11,5,10,17
84,Lloyd,Guilfoyle,lguilfoyle2b@nps.gov,Male,F,4,1,17,3,17
85,Hiram,Glader,hglader2c@multiply.com,Male,B,8,10,17,3,20
86,Merrile,Gaither,mgaither2d@printfriendly.com,Female,B,13,18,9,1,19
87,Uta,Grangier,ugrangier2e@ask.com,Female,B,18,13,6,15,14
88,Bond,Barnicott,bbarnicott2f@wp.com,Male,B,7,8,19,20,3
89,Rycca,Boyford,rboyford2g@multiply.com,Female,E,4,2,19,2,17
90,Cicily,Antonutti,cantonutti2h@nature.com,Polygender,C,5,16,13,10,14
91,Kylie,McGuffog,kmcguffog2i@webeden.co.uk,Male,F,2,18,11,14,19
92,Connie,Sarjeant,csarjeant2j@apple.com,Male,E,4,20,17,19,18
93,Walliw,Grenville,wgrenville2k@example.com,Female,E,17,15,18,12,4
94,Gabriel,Gatward,ggatward2l@4shared.com,Male,F,19,6,20,11,2
95,Caroljean,Bercher,cbercher2m@arizona.edu,Female,C,11,9,7,11,14
96,Marybelle,Hansmann,mhansmann2n@paginegialle.it,Female,C,18,20,17,8,9
97,Stacie,Pollins,spollins2o@nba.com,Female,B,14,1,8,7,20
98,Helaina,Whitten,hwhitten2p@noaa.gov,Female,A,8,7,2,13,18
99,Michelina,Ellum,mellum2q@hud.gov,Female,E,13,13,12,2,11
100,Kerwin,Schrei,kschrei2r@nbcnews.com,Bigender,F,19,3,3,2,18
101,Malachi,Charte,mcharte2s@example.com,Male,B,5,15,6,19,19
102,Sorcha,Arblaster,sarblaster2t@sohu.com,Female,A,12,12,20,7,14
103,Tull,Alp,talp2u@springer.com,Male,B,13,9,19,4,17
104,Danita,Shorto,dshorto2v@noaa.gov,Female,D,5,6,14,2,16
105,Teena,Aloshechkin,taloshechkin2w@privacy.gov.au,Female,C,4,19,13,18,9
106,Cort,Realph,crealph2x@tripadvisor.com,Male,B,3,4,15,4,20
107,Lexie,Doelle,ldoelle2y@freewebs.com,Female,B,14,9,11,18,18
108,Rochette,Burger,rburger2z@linkedin.com,Female,C,8,13,2,5,4
109,Berty,Dobson,bdobson30@phoca.cz,Genderqueer,E,10,7,4,1,20
110,Ambrose,Nouch,anouch31@nationalgeographic.com,Male,B,20,18,9,15,14
111,Oby,Mitroshinov,omitroshinov32@ovh.net,Male,B,16,1,5,3,8
112,Andrea,Duckhouse,aduckhouse33@simplemachines.org,Male,A,11,2,16,5,5
113,Elisha,Tripney,etripney34@hao123.com,Bigender,A,9,12,9,9,1
114,Valentine,Lambal,vlambal35@about.com,Male,B,14,9,10,7,2
115,Mimi,Dougal,mdougal36@springer.com,Female,B,7,6,5,3,15
116,Gannon,Ten Broek,gtenbroek37@nps.gov,Male,C,6,7,13,20,9
117,Vidovic,Bendtsen,vbendtsen38@freewebs.com,Male,D,12,2,16,2,6
118,Sansone,Lengthorn,slengthorn39@wiley.com,Male,D,17,7,20,1,14
119,Hogan,Rounsefull,hrounsefull3a@yolasite.com,Male,A,14,18,7,7,18
120,Filberte,Clutten,fclutten3b@dmoz.org,Male,E,3,6,16,9,16
121,Dimitry,Brasier,dbrasier3c@un.org,Male,B,12,3,20,9,10
122,Zea,Kleisel,zkleisel3d@time.com,Female,D,17,4,11,11,14
123,Brooks,Preon,bpreon3e@blogtalkradio.com,Female,C,8,17,4,4,17
124,Anallise,Ogilvy,aogilvy3f@surveymonkey.com,Female,F,1,18,18,5,14
125,Antoni,Favey,afavey3g@pen.io,Male,B,15,17,12,14,14
126,Norine,McClure,nmcclure3h@over-blog.com,Female,B,13,1,5,11,20
127,Robinetta,Vosse,rvosse3i@ezinearticles.com,Female,C,4,8,13,9,4
128,Obie,Jerdon,ojerdon3j@flavors.me,Male,F,13,14,5,6,8
129,Catie,Houndsom,choundsom3k@umich.edu,Female,C,3,15,3,13,5
130,Wilona,Swigg,wswigg3l@delicious.com,Female,B,4,5,7,10,6
131,Silvano,Fortescue,sfortescue3m@nba.com,Male,B,8,8,19,12,11
132,Courtnay,Nieass,cnieass3n@guardian.co.uk,Female,F,2,16,14,2,13
133,Charley,Sheach,csheach3o@csmonitor.com,Polygender,C,1,16,6,14,5
134,Dannye,Boswood,dboswood3p@printfriendly.com,Female,D,3,3,11,18,12
135,Sky,Wheatland,swheatland3q@businesswire.com,Male,D,5,16,17,3,2
136,Carl,Saban,csaban3r@msu.edu,Male,A,4,16,1,15,11
137,Dilly,Officer,dofficer3s@reuters.com,Male,F,12,15,11,6,20
138,Bradley,Nineham,bnineham3t@liveinternet.ru,Male,D,13,11,18,5,5
139,Tera,Ledstone,tledstone3u@blinklist.com,Female,B,20,3,5,7,1
140,Jennette,Hemstead,jhemstead3v@oakley.com,Female,B,14,4,8,4,20
141,Fredrick,Gownge,fgownge3w@nationalgeographic.com,Male,B,1,5,1,5,6
142,Bertine,Mursell,bmursell3x@mapquest.com,Female,D,6,14,5,4,11
143,Rik,Le Leu,rleleu3y@alibaba.com,Male,C,7,14,11,1,4
144,Lottie,de Banke,ldebanke3z@exblog.jp,Female,A,8,1,13,13,16
145,Findlay,Gouinlock,fgouinlock40@addthis.com,Male,C,15,7,18,12,7
146,Siward,Bartkowiak,sbartkowiak41@multiply.com,Male,C,19,3,17,8,18
147,Giuseppe,Clemits,gclemits42@dmoz.org,Male,A,20,15,20,1,3
148,Lucy,Axelbey,laxelbey43@merriam-webster.com,Female,C,18,13,10,16,20
149,Warner,Kinforth,wkinforth44@sohu.com,Male,A,2,3,5,13,10
150,Wendel,Matkovic,wmatkovic45@msu.edu,Male,C,11,8,6,1,5
151,Chen,Edmand,cedmand46@msu.edu,Male,B,12,4,12,12,3
152,Joni,Aviss,javiss47@altervista.org,Female,F,5,15,12,16,5
153,Delphinia,Somes,dsomes48@usgs.gov,Female,C,1,14,7,5,2
154,Annadiana,Yanshonok,ayanshonok49@nasa.gov,Female,D,8,20,12,12,20
155,Nero,Feore,nfeore4a@google.pl,Male,B,8,2,11,20,15
156,Dwight,Colloff,dcolloff4b@webeden.co.uk,Bigender,D,15,11,5,19,3
157,Thomasa,McCook,tmccook4c@imdb.com,Female,F,8,7,12,3,11
158,Arlen,McDool,amcdool4d@eventbrite.com,Male,F,16,14,3,1,7
159,Torr,Bysshe,tbysshe4e@opera.com,Male,C,7,14,18,12,19
160,Marcile,Hanigan,mhanigan4f@scientificamerican.com,Non-binary,D,5,17,12,17,12
161,Florentia,Hembry,fhembry4g@sun.com,Polygender,D,19,8,5,18,12
162,Hakeem,Coulthart,hcoulthart4h@who.int,Male,B,6,18,18,9,1
163,Amabelle,Everix,aeverix4i@usgs.gov,Genderfluid,E,18,19,16,1,7
164,Daron,Andrei,dandrei4j@pen.io,Female,C,16,9,9,14,6
165,Hersh,Thaxton,hthaxton4k@aol.com,Male,B,1,14,16,6,7
166,Rozella,Galland,rgalland4l@guardian.co.uk,Female,D,6,15,14,20,17
167,Amberly,Friedlos,afriedlos4m@bloglines.com,Female,F,16,19,17,4,1
168,Ange,Franklin,afranklin4n@storify.com,Male,F,14,1,1,17,5
169,Clare,Bradie,cbradie4o@sciencedirect.com,Male,B,13,14,7,17,9
170,Kennan,Cartmell,kcartmell4p@typepad.com,Male,F,2,5,8,10,3
171,Wernher,Paolino,wpaolino4q@illinois.edu,Male,F,19,18,3,1,5
172,Ingeberg,Bisiker,ibisiker4r@amazon.co.jp,Female,C,9,12,2,5,6
173,Weidar,Moxstead,wmoxstead4s@japanpost.jp,Male,E,8,12,9,20,4
174,Stevy,Leyban,sleyban4t@icq.com,Male,E,6,18,19,8,17
175,Rabi,Rizzardo,rrizzardo4u@meetup.com,Male,B,3,9,6,11,16
176,Jamaal,Surridge,jsurridge4v@ucoz.ru,Male,D,20,15,9,5,1
177,Felix,Pudsey,fpudsey4w@unblog.fr,Male,E,13,9,17,6,17
178,Arlyne,Medd,amedd4x@uiuc.edu,Female,B,11,10,10,15,16
179,Sharity,Espie,sespie4y@about.com,Female,F,4,8,15,1,5
180,Markos,Venturoli,mventuroli4z@ocn.ne.jp,Male,D,1,2,9,16,6
181,Maribelle,Shrimplin,mshrimplin50@bing.com,Polygender,F,16,11,16,11,5
182,Gage,Rutgers,grutgers51@hexun.com,Male,B,10,3,18,2,3
183,Hurlee,Barrack,hbarrack52@google.com.au,Male,F,12,15,15,10,14
184,Ninnetta,Fothergill,nfothergill53@paypal.com,Female,E,11,12,17,14,9
185,Clarey,Glayzer,cglayzer54@mapy.cz,Female,F,8,5,8,2,13
186,Giselle,McElhinney,gmcelhinney55@oakley.com,Female,C,12,2,19,6,19
187,Sharline,Cattini,scattini56@reuters.com,Female,B,20,20,13,11,17
188,Gino,Perree,gperree57@senate.gov,Male,C,10,20,4,8,3
189,Celestina,Hartup,chartup58@bigcartel.com,Female,C,11,20,11,16,15
190,Jackqueline,Oseland,joseland59@google.ru,Female,A,8,17,6,13,6
191,Edsel,Sweetland,esweetland5a@ucoz.ru,Male,F,2,15,2,13,1
192,Jeannine,Rysdale,jrysdale5b@ask.com,Non-binary,D,1,7,11,15,4
193,Bobbie,Tutsell,btutsell5c@dyndns.org,Bigender,C,17,15,19,11,10
194,Bernete,Sussans,bsussans5d@usgs.gov,Female,C,2,10,4,2,8
195,Homer,Hoonahan,hhoonahan5e@webnode.com,Male,D,12,9,16,5,3
196,Meaghan,Insall,minsall5f@zimbio.com,Female,C,15,7,2,8,5
197,Veriee,Brigham,vbrigham5g@free.fr,Female,B,2,1,3,15,2
198,Teddie,Silveston,tsilveston5h@nyu.edu,Male,D,16,7,8,9,12
199,Annecorinne,Klewi,aklewi5i@unc.edu,Female,B,18,18,11,16,8
200,Law,Garlett,lgarlett5j@cpanel.net,Male,D,5,9,3,17,4
201,Damon,Fernandes,dfernandes5k@hibu.com,Male,C,2,3,17,13,4
202,Gerri,Caverhill,gcaverhill5l@hostgator.com,Male,E,16,11,17,14,1
203,Tilda,Ibotson,tibotson5m@gmpg.org,Female,B,7,17,20,6,9
204,Ellerey,Gozney,egozney5n@amazon.co.jp,Bigender,D,8,19,10,6,1
205,Harp,Elwill,helwill5o@soundcloud.com,Male,A,6,10,1,13,8
206,Zorana,Cleal,zcleal5p@artisteer.com,Female,A,2,12,19,17,12
207,Marnie,Osgardby,mosgardby5q@uiuc.edu,Female,A,11,1,18,20,1
208,Ronna,Campkin,rcampkin5r@meetup.com,Female,F,1,20,7,10,17
209,Carin,Spykings,cspykings5s@gov.uk,Female,E,9,6,4,17,16
210,Ferdinand,Brightman,fbrightman5t@google.it,Polygender,C,3,19,2,7,10
211,Sofie,Embury,sembury5u@wunderground.com,Female,F,8,8,15,5,1
212,Shurlocke,Glanert,sglanert5v@china.com.cn,Male,B,10,7,10,5,14
213,Kiley,Tassell,ktassell5w@bluehost.com,Male,C,4,4,9,20,2
214,Woodman,Sobey,wsobey5x@narod.ru,Non-binary,D,12,6,16,3,14
215,Merline,Belchambers,mbelchambers5y@de.vu,Female,C,2,14,9,2,20
216,Iain,Opdenorth,iopdenorth5z@rediff.com,Male,E,16,11,10,11,17
217,Joyce,Morriss,jmorriss60@elegantthemes.com,Female,A,1,2,15,16,5
218,Emmalynn,Langworthy,elangworthy61@ucla.edu,Female,F,14,8,20,15,12
219,Urban,Sked,usked62@sun.com,Male,F,1,4,3,17,11
220,Joyann,Bing,jbing63@dion.ne.jp,Genderqueer,A,18,19,20,18,19
221,Harland,Sides,hsides64@barnesandnoble.com,Male,A,19,18,20,8,11
222,Fleur,Seedhouse,fseedhouse65@friendfeed.com,Female,B,6,20,16,19,2
223,Keri,Rapo,krapo66@dropbox.com,Female,A,20,11,17,11,6
224,Didi,Baily,dbaily67@shinystat.com,Female,C,11,15,6,19,17
225,Domenic,McCuaig,dmccuaig68@kickstarter.com,Male,A,18,17,18,7,4
226,Addie,Dadson,adadson69@boston.com,Female,A,9,4,13,8,13
227,Nevsa,Moulsdale,nmoulsdale6a@addtoany.com,Agender,B,2,8,6,5,17
228,Tanny,Jirak,tjirak6b@artisteer.com,Male,B,15,15,3,9,8
229,Ben,Chimienti,bchimienti6c@wp.com,Male,C,3,15,11,7,6
230,Stormy,Fotheringham,sfotheringham6d@ftc.gov,Female,D,13,15,11,18,14
231,Lisa,Stanbury,lstanbury6e@mlb.com,Female,B,1,5,14,9,1
232,Felicle,Gudgin,fgudgin6f@reverbnation.com,Female,D,13,5,13,16,18
233,Myrwyn,Eschelle,meschelle6g@ucsd.edu,Male,A,3,13,9,4,1
234,Sheridan,Meconi,smeconi6h@va.gov,Male,B,16,5,18,10,5
235,Clovis,Leggs,cleggs6i@people.com.cn,Genderfluid,A,8,11,5,2,14
236,Lorianna,Merrill,lmerrill6j@histats.com,Female,C,20,19,20,20,2
237,Bendicty,Fieller,bfieller6k@discuz.net,Male,E,7,12,6,5,9
238,Sandie,Sabben,ssabben6l@xinhuanet.com,Female,D,10,5,10,3,17
239,Osborne,Carvill,ocarvill6m@hp.com,Male,D,12,16,15,20,10
240,Cy,Ruddock,cruddock6n@blogger.com,Male,B,20,18,18,13,15
241,Sammy,Alejo,salejo6o@netvibes.com,Male,B,12,2,9,13,15
242,Caren,Joao,cjoao6p@barnesandnoble.com,Female,F,1,5,4,1,18
243,Roby,Winfindale,rwinfindale6q@cyberchimps.com,Female,D,16,9,11,11,19
244,Stacy,Fawkes,sfawkes6r@xrea.com,Female,B,16,20,7,8,4
245,Kore,Diamond,kdiamond6s@hp.com,Female,D,15,18,7,13,11
246,Stacee,Elgie,selgie6t@w3.org,Female,B,8,1,11,19,19
247,Abby,Hearnshaw,ahearnshaw6u@paginegialle.it,Male,E,2,15,1,14,13
248,Barth,Dunbar,bdunbar6v@tiny.cc,Male,B,2,2,15,4,1
249,Millard,Antuoni,mantuoni6w@latimes.com,Male,A,11,8,9,14,12
250,Smitty,Dolden,sdolden6x@photobucket.com,Male,B,19,19,1,1,18
251,Simona,McCartan,smccartan6y@discuz.net,Female,A,10,15,15,1,1
252,Melisse,Cohan,mcohan6z@europa.eu,Female,D,19,18,1,9,4
253,Austine,Wark,awark70@economist.com,Female,B,8,16,8,15,5
254,Everett,Alyoshin,ealyoshin71@posterous.com,Male,D,10,19,12,19,7
255,Brigid,Moses,bmoses72@devhub.com,Female,A,17,14,10,2,20
256,Lefty,Titterrell,ltitterrell73@japanpost.jp,Male,A,12,7,1,14,16
257,Lane,Esp,lesp74@vinaora.com,Female,D,17,1,4,10,19
258,Florentia,Seyfart,fseyfart75@vk.com,Female,A,12,16,3,12,14
259,Bowie,Fortnum,bfortnum76@photobucket.com,Male,D,5,5,18,2,17
260,Tyson,Giffin,tgiffin77@tiny.cc,Male,C,9,9,12,9,3
261,Ruthie,Grzegorek,rgrzegorek78@wikia.com,Female,D,10,14,8,19,7
262,Lurline,Vinnick,lvinnick79@e-recht24.de,Female,A,14,18,17,1,18
263,Malcolm,Heiden,mheiden7a@time.com,Male,C,3,6,5,19,10
264,Oren,Hefford,ohefford7b@cnn.com,Male,F,4,19,6,8,9
265,Kori,Ashe,kashe7c@va.gov,Female,B,10,8,6,16,20
266,Lorne,Flemmich,lflemmich7d@1und1.de,Female,F,10,16,14,3,10
267,Beverly,Conaboy,bconaboy7e@guardian.co.uk,Female,A,8,5,3,18,10
268,Natka,Rossborough,nrossborough7f@redcross.org,Female,F,20,14,6,12,19
269,Yvor,Danielot,ydanielot7g@diigo.com,Male,D,4,2,15,16,14
270,Trix,Blitzer,tblitzer7h@aboutads.info,Female,E,5,16,3,9,14
271,Amos,Doers,adoers7i@de.vu,Male,B,1,4,18,1,8
272,Bennie,McCaw,bmccaw7j@who.int,Male,C,3,11,18,9,12
273,Merell,Corbally,mcorbally7k@techcrunch.com,Bigender,F,17,18,15,5,18
274,Lane,Cortese,lcortese7l@pinterest.com,Non-binary,D,10,14,16,18,17
275,Mart,Dallman,mdallman7m@naver.com,Male,B,6,2,11,18,20
276,Wye,Trueman,wtrueman7n@nhs.uk,Male,B,8,1,20,12,13
277,Brit,Taplin,btaplin7o@issuu.com,Male,A,16,10,1,20,5
278,Pacorro,Boynes,pboynes7p@trellian.com,Male,D,3,12,2,16,9
279,Allan,Welburn,awelburn7q@taobao.com,Male,B,17,7,13,15,17
280,Giuditta,Ruddock,gruddock7r@senate.gov,Female,A,12,11,6,7,2
281,Tressa,Orro,torro7s@ucla.edu,Female,B,8,18,19,13,19
282,Tomkin,Glavias,tglavias7t@123-reg.co.uk,Male,C,5,20,9,14,18
283,Polly,Beyer,pbeyer7u@delicious.com,Female,B,7,14,2,1,20
284,Dael,Chippindale,dchippindale7v@wikipedia.org,Female,E,11,5,18,17,5
285,Benedikt,Gorry,bgorry7w@usa.gov,Male,F,6,7,1,17,19
286,Ronnica,Saur,rsaur7x@un.org,Female,B,12,7,11,16,19
287,Luigi,Simonelli,lsimonelli7y@posterous.com,Male,F,19,19,20,15,6
288,Gloriane,Stibbs,gstibbs7z@cpanel.net,Female,A,9,9,5,8,6
289,Eustace,Pitbladdo,epitbladdo80@abc.net.au,Male,B,1,12,20,3,10
290,Maury,Gianninotti,mgianninotti81@boston.com,Male,B,2,20,11,5,5
291,Clotilda,Biffen,cbiffen82@webmd.com,Female,D,2,2,8,9,3
292,Kelly,MacAlister,kmacalister83@tuttocitta.it,Female,E,17,8,13,2,7
293,Irwinn,Brakewell,ibrakewell84@wp.com,Male,D,12,7,2,2,2
294,Titos,Twinborne,ttwinborne85@sphinn.com,Male,C,16,6,12,19,16
295,Fidole,Thacker,fthacker86@hao123.com,Male,A,7,16,16,1,5
296,Marena,Bracer,mbracer87@uiuc.edu,Female,B,9,12,19,10,17
297,Arnuad,Perree,aperree88@whitehouse.gov,Male,D,6,11,5,19,1
298,Clemmie,Bragger,cbragger89@cdc.gov,Agender,B,10,19,10,9,5
299,Gerardo,Hearson,ghearson8a@telegraph.co.uk,Male,D,8,14,5,4,14
300,Tarrance,Alexsandrovich,talexsandrovich8b@miitbeian.gov.cn,Male,B,12,17,11,6,2
301,Joell,Shiels,jshiels8c@psu.edu,Female,C,9,9,3,9,15
302,Carson,McCart,cmccart8d@vistaprint.com,Male,B,17,6,9,18,14
303,Homerus,Evemy,hevemy8e@hp.com,Male,C,6,11,8,1,4
304,Aldous,Pinke,apinke8f@amazon.co.uk,Male,B,4,1,15,11,6
305,Carolee,Lewsy,clewsy8g@ebay.co.uk,Female,C,9,8,1,1,17
306,Leonora,Elstow,lelstow8h@google.pl,Female,A,13,20,12,5,20
307,Eberto,Runnett,erunnett8i@theatlantic.com,Male,E,1,12,10,3,11
308,Enrique,Lindmark,elindmark8j@wikispaces.com,Male,C,20,10,3,9,2
309,Mahmud,Erett,merett8k@reddit.com,Male,B,3,4,13,1,20
310,Stephanus,Norsworthy,snorsworthy8l@shinystat.com,Male,C,9,8,13,2,5
311,Katrina,Nutty,knutty8m@cloudflare.com,Female,C,10,7,15,2,3
312,Aubry,Akenhead,aakenhead8n@bandcamp.com,Female,D,11,4,10,4,19
313,Gifford,Tison,gtison8o@google.com.au,Male,B,5,17,10,3,6
314,Ysabel,Fussie,yfussie8p@netscape.com,Female,D,3,11,20,12,13
315,Addy,Giacubbo,agiacubbo8q@vinaora.com,Female,E,5,11,7,5,5
316,Amalle,Poynser,apoynser8r@wp.com,Female,C,6,8,2,7,19
317,Ambrose,Roffey,aroffey8s@timesonline.co.uk,Male,A,4,10,3,9,9
318,Carmela,Sandy,csandy8t@deliciousdays.com,Female,D,13,4,16,16,10
319,Othelia,Schistl,oschistl8u@stumbleupon.com,Polygender,D,11,11,9,14,20
320,Kassi,Daniaud,kdaniaud8v@liveinternet.ru,Female,D,8,18,13,5,8
321,Rodolfo,Perfect,rperfect8w@howstuffworks.com,Male,D,20,8,17,9,14
322,Perrine,Rodd,prodd8x@hexun.com,Female,F,20,20,11,4,7
323,Myrna,Shurville,mshurville8y@google.cn,Polygender,B,18,16,4,17,15
324,Hal,Shermore,hshermore8z@slideshare.net,Male,B,7,11,2,15,16
325,Hank,Attrey,hattrey90@ca.gov,Male,A,18,14,2,8,3
326,Alissa,Gonsalvez,agonsalvez91@vimeo.com,Genderfluid,C,6,7,1,3,1
327,Francesca,Bulter,fbulter92@webnode.com,Female,F,20,2,5,11,1
328,Minor,Lightman,mlightman93@usgs.gov,Male,D,15,4,3,14,14
329,Ephrem,Fenner,efenner94@mayoclinic.com,Male,B,14,11,11,8,5
330,Starla,Costin,scostin95@vkontakte.ru,Female,C,10,6,8,16,12
331,Flint,Petrello,fpetrello96@ocn.ne.jp,Male,B,3,11,3,7,14
332,Waiter,Daniely,wdaniely97@behance.net,Male,B,8,12,5,14,7
333,Griffy,Jinks,gjinks98@berkeley.edu,Male,B,1,16,15,4,12
334,Glyn,Monelli,gmonelli99@vistaprint.com,Genderqueer,A,19,19,14,14,18
335,Nicolis,Smallthwaite,nsmallthwaite9a@ameblo.jp,Male,C,11,14,11,10,13
336,Elbert,Leman,eleman9b@patch.com,Male,D,6,7,15,19,16
337,Katinka,Missington,kmissington9c@shinystat.com,Female,A,15,4,10,5,7
338,Ediva,Pexton,epexton9d@usa.gov,Female,C,4,9,13,17,13
339,Grata,Christophle,gchristophle9e@a8.net,Female,A,8,12,2,6,4
340,Wash,Tilt,wtilt9f@sun.com,Polygender,B,10,11,17,19,12
341,Kelcie,Putt,kputt9g@youtube.com,Female,D,2,16,8,15,17
342,Catlee,Beavington,cbeavington9h@ezinearticles.com,Female,E,9,10,1,20,20
343,Kenneth,Calveley,kcalveley9i@myspace.com,Male,D,17,12,11,5,3
344,Shep,Trembey,strembey9j@wiley.com,Male,C,13,20,14,12,12
345,Suzi,Pickthall,spickthall9k@simplemachines.org,Female,A,8,6,3,1,8
346,Peri,Bridson,pbridson9l@ox.ac.uk,Female,E,2,1,13,9,14
347,Arlyn,Gladeche,agladeche9m@cbsnews.com,Female,C,7,14,8,16,15
348,Rudolfo,Summerskill,rsummerskill9n@storify.com,Male,D,8,5,18,14,10
349,Charis,Vicarey,cvicarey9o@rediff.com,Female,A,5,3,12,12,8
350,Sada,Jewster,sjewster9p@jugem.jp,Female,C,11,4,8,11,14
351,Clemmy,Karlmann,ckarlmann9q@list-manage.com,Female,A,17,19,20,12,5
352,Willa,Muat,wmuat9r@arizona.edu,Female,B,9,14,5,3,20
353,Billye,Newland,bnewland9s@hc360.com,Genderfluid,C,10,7,7,6,3
354,Zedekiah,Merriton,zmerriton9t@marriott.com,Male,D,3,5,14,14,9
355,Galvin,Dutnell,gdutnell9u@ebay.co.uk,Male,C,18,2,11,19,20
356,Cecelia,Martinon,cmartinon9v@cnet.com,Female,E,17,20,11,9,6
357,Townsend,Ecclestone,tecclestone9w@tmall.com,Male,A,17,19,3,20,12
358,Maybelle,Schaumann,mschaumann9x@last.fm,Female,A,2,10,19,10,9
359,Pammie,Vaulkhard,pvaulkhard9y@youtube.com,Female,A,6,18,15,11,18
360,Myrtice,Giampietro,mgiampietro9z@economist.com,Female,B,1,5,12,9,16
361,Noam,Fidgett,nfidgetta0@unblog.fr,Male,B,1,9,18,17,7
362,Rriocard,Starkey,rstarkeya1@ow.ly,Male,B,10,2,17,19,9
363,Zebadiah,Mollene,zmollenea2@tinyurl.com,Male,D,10,14,13,19,20
364,Mirabella,Hawkin,mhawkina3@symantec.com,Female,C,15,2,9,4,2
365,Gustavus,Agneau,gagneaua4@meetup.com,Male,B,18,18,8,12,8
366,Rourke,Jewar,rjewara5@myspace.com,Male,D,7,2,10,14,13
367,Jessalyn,Scarlan,jscarlana6@japanpost.jp,Female,F,6,18,7,5,10
368,Nikolos,Britney,nbritneya7@biglobe.ne.jp,Male,A,14,12,18,3,18
369,Dallas,Geard,dgearda8@sun.com,Male,D,4,15,6,16,19
370,Traci,Redier,trediera9@nytimes.com,Female,B,15,16,7,2,3
371,Benson,Kynvin,bkynvinaa@epa.gov,Male,A,16,4,14,10,8
372,Sanderson,Roden,srodenab@usgs.gov,Male,B,9,5,5,11,2
373,Jobey,Adlam,jadlamac@ox.ac.uk,Female,C,11,19,15,19,10
374,Sidonnie,Apfelmann,sapfelmannad@unblog.fr,Non-binary,C,3,14,17,5,4
375,Kordula,Baroux,kbarouxae@desdev.cn,Female,B,16,7,13,14,19
376,Garner,Bolliver,gbolliveraf@epa.gov,Male,C,17,17,10,10,20
377,Deanna,Cordingley,dcordingleyag@cnbc.com,Female,C,3,20,17,11,2
378,Sancho,Traher,straherah@weibo.com,Male,A,5,8,15,13,5
379,Fabien,Gaynes,fgaynesai@cpanel.net,Male,C,10,1,7,1,8
380,Dulcinea,Handyside,dhandysideaj@paginegialle.it,Female,E,17,5,20,11,8
381,Nikolai,Apfler,napflerak@amazonaws.com,Male,B,2,15,19,7,20
382,Carrol,Wilkennson,cwilkennsonal@house.gov,Male,B,14,16,19,17,15
383,Burt,Errichiello,berrichielloam@github.io,Male,F,9,13,6,2,6
384,Ado,Bruford,abrufordan@hibu.com,Male,B,12,16,11,13,11
385,Bonita,Ambage,bambageao@mlb.com,Female,F,11,9,12,18,6
386,Valene,Crichten,vcrichtenap@dropbox.com,Female,A,3,15,12,9,6
387,Edna,Pavlitschek,epavlitschekaq@youtube.com,Female,F,15,7,4,9,20
388,Farr,Blundell,fblundellar@reddit.com,Male,D,19,16,20,7,9
389,Harald,Turfrey,hturfreyas@discuz.net,Male,A,2,12,14,16,12
390,Teresita,Medgwick,tmedgwickat@ucla.edu,Female,A,2,11,19,17,16
391,Eamon,Hellens,ehellensau@seattletimes.com,Male,A,9,13,18,10,3
392,Penrod,Ornillos,pornillosav@friendfeed.com,Male,A,7,19,18,14,19
393,Glory,Clayborn,gclaybornaw@a8.net,Female,D,3,20,20,20,18
394,Faulkner,Pargent,fpargentax@bravesites.com,Male,C,9,9,15,13,12
395,Andra,Cavil,acavilay@jimdo.com,Female,B,1,4,17,8,7
396,Kacey,Rosita,krositaaz@edublogs.org,Female,D,15,10,15,5,15
397,Rusty,Kiera,rkierab0@narod.ru,Male,D,20,7,14,15,4
398,Cynthia,Crippin,ccrippinb1@oakley.com,Female,B,2,19,18,15,20
399,Auberon,Tunniclisse,atunniclisseb2@gmpg.org,Male,D,19,5,19,2,5
400,Gualterio,Petersen,gpetersenb3@harvard.edu,Male,B,17,9,2,3,12
401,Modesty,Durning,mdurningb4@answers.com,Female,D,8,18,17,6,13
402,Teriann,Armit,tarmitb5@amazonaws.com,Female,D,19,12,11,18,10
403,My,Gair,mgairb6@loc.gov,Male,F,12,17,4,15,17
404,Wilek,Philipet,wphilipetb7@bing.com,Male,E,11,18,12,5,2
405,Constantine,Bastard,cbastardb8@whitehouse.gov,Male,E,4,2,18,8,13
406,Natal,Ludlow,nludlowb9@linkedin.com,Male,A,12,18,10,10,16
407,Arlyne,L'Episcopi,alepiscopiba@live.com,Female,A,4,16,20,11,14
408,Barton,Gwillyam,bgwillyambb@sohu.com,Male,C,17,18,4,4,2
409,Thomasa,Killick,tkillickbc@booking.com,Female,B,18,19,15,10,12
410,Karlens,Kenealy,kkenealybd@blinklist.com,Male,A,2,11,16,11,16
411,Hillard,Clarkin,hclarkinbe@bluehost.com,Male,F,12,6,15,10,5
412,Phyllida,Benjefield,pbenjefieldbf@answers.com,Female,E,16,6,7,2,9
413,Raff,Beddall,rbeddallbg@microsoft.com,Male,C,15,6,15,19,18
414,Kate,Matfield,kmatfieldbh@goo.ne.jp,Female,B,11,16,3,14,5
415,Tabbatha,Addlestone,taddlestonebi@google.com,Female,C,13,2,12,20,16
416,Anet,Moehle,amoehlebj@lycos.com,Female,C,8,13,6,9,18
417,Claus,Rollin,crollinbk@printfriendly.com,Male,B,17,11,3,19,9
418,Javier,Formie,jformiebl@soup.io,Male,B,5,15,6,12,14
419,Burtie,Prantoni,bprantonibm@over-blog.com,Male,D,18,3,6,19,10
420,Zuzana,Stoneley,zstoneleybn@foxnews.com,Female,E,13,20,4,18,7
421,Marieann,Eddins,meddinsbo@wikispaces.com,Female,F,16,12,1,6,17
422,Allan,Extal,aextalbp@sakura.ne.jp,Male,F,8,3,19,6,7
423,Patricio,Antonat,pantonatbq@prweb.com,Male,E,5,14,9,19,12
424,Toby,MacArd,tmacardbr@wordpress.com,Female,D,14,5,6,8,12
425,Morly,Turpey,mturpeybs@free.fr,Male,C,4,7,16,20,18
426,Ellswerth,FitzGilbert,efitzgilbertbt@imageshack.us,Male,C,7,14,1,16,8
427,Yolane,Scrigmour,yscrigmourbu@paginegialle.it,Female,D,18,12,16,7,6
428,Daveta,Caswall,dcaswallbv@issuu.com,Bigender,C,5,12,16,8,17
429,Beverlie,Bramsen,bbramsenbw@amazon.co.uk,Non-binary,D,15,14,13,1,8
430,Damon,Upex,dupexbx@vkontakte.ru,Male,D,12,12,12,1,5
431,Caritta,Hanse,chanseby@aol.com,Female,E,8,9,7,12,18
432,Thekla,Topham,ttophambz@adobe.com,Genderqueer,B,11,3,2,7,12
433,Adolpho,Gokes,agokesc0@vk.com,Male,B,5,15,19,3,11
434,Axe,Shelley,ashelleyc1@sohu.com,Male,B,1,10,1,14,19
435,Marjory,Castiello,mcastielloc2@economist.com,Female,D,3,12,7,18,7
436,Georgette,Carbin,gcarbinc3@people.com.cn,Female,F,11,16,4,8,12
437,Kyrstin,MacKain,kmackainc4@reddit.com,Female,D,16,10,9,7,8
438,Hubey,Bentick,hbentickc5@cisco.com,Male,B,7,15,16,1,19
439,Nanice,Baumford,nbaumfordc6@friendfeed.com,Female,B,19,15,10,1,15
440,Gale,Virgoe,gvirgoec7@amazon.com,Genderqueer,B,10,15,11,17,20
441,Mahmoud,Buglar,mbuglarc8@hostgator.com,Male,A,8,15,15,9,13
442,Stacee,Berka,sberkac9@creativecommons.org,Female,B,12,8,16,3,6
443,Max,Woodeson,mwoodesonca@guardian.co.uk,Male,C,1,9,16,12,19
444,Odie,Champe,ochampecb@seesaa.net,Male,B,14,11,20,1,18
445,Robinia,Kief,rkiefcc@ask.com,Female,D,7,4,7,6,8
446,Renata,Andrag,randragcd@psu.edu,Female,C,19,18,10,8,15
447,Whitney,O'Dare,wodarece@ebay.com,Female,D,16,11,13,12,15
448,Pierrette,Pietrzyk,ppietrzykcf@issuu.com,Female,C,15,9,13,1,5
449,Katy,Beaushaw,kbeaushawcg@chron.com,Female,B,20,10,4,12,4
450,Skyler,Elcum,selcumch@wikimedia.org,Male,C,16,17,4,4,19
451,Rey,Wyeld,rwyeldci@yelp.com,Female,D,14,17,6,2,1
452,Anjela,Braunfeld,abraunfeldcj@imageshack.us,Agender,C,19,12,13,16,7
453,Cthrine,Wiersma,cwiersmack@netlog.com,Female,E,9,4,13,1,10
454,Angel,Beaten,abeatencl@sbwire.com,Male,D,17,11,9,9,20
455,Margaretta,Taffrey,mtaffreycm@imageshack.us,Female,B,11,2,12,1,2
456,Bryon,Fitt,bfittcn@google.com.br,Male,C,7,18,7,14,4
457,Gaspard,Jacquest,gjacquestco@virginia.edu,Male,A,9,7,2,5,9
458,Guido,Duggen,gduggencp@nymag.com,Male,F,3,20,14,2,10
459,Whittaker,Yakebowitch,wyakebowitchcq@seattletimes.com,Male,E,3,11,4,13,10
460,Rand,Neward,rnewardcr@chron.com,Male,D,17,20,19,8,12
461,Vasilis,Ramsier,vramsiercs@odnoklassniki.ru,Male,C,10,2,13,20,9
462,Heindrick,Echelle,hechellect@fda.gov,Male,B,16,17,1,17,12
463,Hillier,Jeacocke,hjeacockecu@a8.net,Male,F,13,18,17,19,17
464,Rudiger,Pawlick,rpawlickcv@upenn.edu,Male,E,18,19,3,9,14
465,Conchita,Watkiss,cwatkisscw@vimeo.com,Female,E,3,12,14,7,15
466,Leshia,Senechault,lsenechaultcx@chronoengine.com,Female,B,7,17,7,7,20
467,Aeriela,Geere,ageerecy@paypal.com,Female,D,7,16,3,3,11
468,Hailee,Mayfield,hmayfieldcz@hatena.ne.jp,Female,A,16,6,9,3,17
469,Aggy,Hearse,ahearsed0@so-net.ne.jp,Female,B,1,17,13,17,3
470,Samuele,De Domenici,sdedomenicid1@xrea.com,Male,A,19,14,10,18,19
471,Lavena,Rudyard,lrudyardd2@bing.com,Female,B,20,12,13,17,7
472,Nicolette,Shirlaw,nshirlawd3@google.de,Female,C,17,3,9,7,14
473,Gertie,Klawi,gklawid4@desdev.cn,Female,C,17,15,3,19,8
474,Zollie,Grime,zgrimed5@zdnet.com,Male,F,4,13,7,15,2
475,Allister,Cuesta,acuestad6@tinyurl.com,Male,C,7,19,11,14,20
476,Galvan,Cranna,gcrannad7@typepad.com,Male,C,1,10,13,6,20
477,Hurleigh,Newrick,hnewrickd8@walmart.com,Bigender,A,7,4,3,9,19
478,Leia,Dooley,ldooleyd9@usa.gov,Female,B,10,4,10,9,8
479,Sibbie,Hansford,shansfordda@boston.com,Genderqueer,D,10,18,19,16,4
480,Tawsha,Ubsdall,tubsdalldb@senate.gov,Female,F,16,5,13,18,1
481,Gene,Anney,ganneydc@wisc.edu,Male,D,12,17,9,18,20
482,Logan,Dorkens,ldorkensdd@bing.com,Male,B,3,14,6,11,14
483,Sada,Trevethan,strevethande@addthis.com,Female,D,1,4,11,3,15
484,Orland,Duplan,oduplandf@alexa.com,Male,D,18,13,3,7,13
485,Tasia,Julien,tjuliendg@behance.net,Female,E,4,6,20,13,17
486,Ev,Gierth,egierthdh@tmall.com,Male,A,17,5,15,20,15
487,Wendeline,Penella,wpenelladi@eepurl.com,Female,A,1,1,5,13,3
488,Bar,Grimmer,bgrimmerdj@bizjournals.com,Male,E,6,18,5,11,9
489,Veronica,Eliasson,veliassondk@ft.com,Female,B,5,11,3,2,20
490,Pooh,Iannazzi,piannazzidl@google.nl,Female,A,19,20,12,11,15
491,Brendis,Danzey,bdanzeydm@ning.com,Male,A,6,9,14,13,13
492,Rebekkah,Schowenburg,rschowenburgdn@acquirethisname.com,Female,C,4,14,16,9,18
493,Kane,Corps,kcorpsdo@pbs.org,Male,F,10,20,9,6,11
494,Guglielma,Leirmonth,gleirmonthdp@wiley.com,Female,B,11,16,4,15,4
495,Gavan,Sullivan,gsullivandq@about.me,Male,A,7,19,13,20,10
496,Haskell,Rallinshaw,hrallinshawdr@usnews.com,Male,A,4,3,2,3,18
497,Vinny,Rother,vrotherds@list-manage.com,Male,C,9,7,15,2,1
498,Ellerey,Freear,efreeardt@quantcast.com,Male,A,16,19,18,2,8
499,Benedikt,Charlick,bcharlickdu@foxnews.com,Male,C,5,7,2,5,12
500,Benita,Pail,bpaildv@moonfruit.com,Female,A,4,5,1,19,4
501,Winthrop,Tartt,wtarttdw@answers.com,Polygender,D,15,3,3,11,18
502,Hesther,Wibrow,hwibrowdx@shareasale.com,Female,C,4,18,7,18,20
503,Sig,Pocklington,spocklingtondy@nymag.com,Male,C,5,1,20,17,17
504,Kevan,Arens,karensdz@npr.org,Agender,F,13,1,6,18,1
505,Tab,Dedon,tdedone0@shutterfly.com,Male,A,3,2,3,12,8
506,Normand,Whiskerd,nwhiskerde1@google.es,Genderfluid,C,8,17,12,8,8
507,Augustine,Gridon,agridone2@amazon.com,Female,A,20,5,10,14,8
508,Giraldo,MacCallam,gmaccallame3@mozilla.com,Male,D,12,19,16,13,19
509,Robina,Forcer,rforcere4@aboutads.info,Female,C,18,19,3,19,6
510,Karlene,Bowstead,kbowsteade5@yale.edu,Female,F,9,13,9,10,4
511,Zechariah,McGowan,zmcgowane6@quantcast.com,Male,E,19,8,9,4,12
512,Irvine,Soares,isoarese7@netvibes.com,Male,A,2,8,11,8,7
513,Cordy,Lefeuvre,clefeuvree8@deliciousdays.com,Female,B,19,11,17,8,3
514,Niall,Shakespear,nshakespeare9@digg.com,Male,F,10,12,2,9,14
515,Walt,Kent,wkentea@chicagotribune.com,Male,D,3,11,15,8,12
516,Jessi,Mapston,jmapstoneb@t-online.de,Female,E,18,12,13,5,16
517,Thedric,Pibworth,tpibworthec@ebay.co.uk,Male,A,13,7,9,10,18
518,Blondie,Ridings,bridingsed@nps.gov,Female,A,2,17,2,17,12
519,Helene,Franzel,hfranzelee@google.nl,Female,C,5,11,5,7,13
520,Clive,Murty,cmurtyef@prnewswire.com,Male,C,13,3,16,20,12
521,Quinlan,Fissenden,qfissendeneg@rakuten.co.jp,Male,A,18,20,15,19,10
522,Elsworth,Station,estationeh@google.es,Male,D,20,18,4,20,6
523,Christy,Feldharker,cfeldharkerei@hexun.com,Female,A,6,17,17,3,16
524,Reynard,Lazarus,rlazarusej@booking.com,Male,C,8,9,10,6,17
525,Silvanus,Janeczek,sjaneczekek@fda.gov,Male,D,3,9,16,14,5
526,Janith,Standon,jstandonel@rediff.com,Female,E,17,20,12,18,18
527,Glyn,Teresi,gteresiem@ft.com,Female,D,8,5,18,9,1
528,Stacee,Kos,skosen@yellowpages.com,Female,D,9,12,2,20,4
529,Catarina,Tresvina,ctresvinaeo@thetimes.co.uk,Agender,B,15,14,10,6,5
530,Ingaborg,Kilbane,ikilbaneep@springer.com,Female,B,6,13,6,3,16
531,Nertie,Stegell,nstegelleq@dot.gov,Female,B,9,18,10,10,2
532,Ulla,Berriman,uberrimaner@epa.gov,Female,D,18,2,4,5,7
533,Jeddy,Westby,jwestbyes@pcworld.com,Male,E,15,16,10,11,5
534,Lincoln,Baldacco,lbaldaccoet@census.gov,Male,B,16,15,2,12,12
535,Sayers,Ashard,sashardeu@sciencedirect.com,Male,E,2,7,16,6,7
536,Ardath,Luxon,aluxonev@elpais.com,Polygender,A,12,15,19,7,4
537,Derward,Loveguard,dloveguardew@bandcamp.com,Male,A,18,3,14,10,11
538,Walden,Macallam,wmacallamex@toplist.cz,Male,F,20,5,16,12,4
539,Shani,Opfer,sopferey@t-online.de,Female,F,20,2,19,10,4
540,Ad,Yuryev,ayuryevez@comcast.net,Male,B,15,13,3,13,8
541,Eleanora,Petrichat,epetrichatf0@tinyurl.com,Female,F,9,15,9,2,10
542,Kevina,Broadbent,kbroadbentf1@sohu.com,Female,A,16,14,6,10,17
543,Eb,Sankey,esankeyf2@unesco.org,Genderqueer,E,13,1,15,7,8
544,Carey,Slane,cslanef3@storify.com,Male,B,6,8,12,15,13
545,Hewett,Inwood,hinwoodf4@google.co.uk,Male,C,3,7,9,9,17
546,Nobie,Le Gallo,nlegallof5@berkeley.edu,Male,D,10,8,19,17,14
547,Benjy,Nuttey,bnutteyf6@a8.net,Male,D,16,10,13,17,8
548,Robyn,Astles,rastlesf7@ebay.co.uk,Female,E,15,1,9,17,18
549,Bevan,Pettecrew,bpettecrewf8@dyndns.org,Male,B,13,4,1,15,3
550,Elspeth,Bruyett,ebruyettf9@reference.com,Female,C,18,9,13,6,18
551,Myca,Garken,mgarkenfa@ameblo.jp,Male,A,6,3,8,13,9
552,Faith,Brazener,fbrazenerfb@theguardian.com,Female,C,11,13,12,19,17
553,Perla,Santon,psantonfc@ifeng.com,Female,E,5,2,12,10,20
554,Ardyth,Bleasdille,ableasdillefd@howstuffworks.com,Female,C,8,10,1,6,18
555,Glennis,Gherardelli,ggherardellife@a8.net,Female,D,6,2,13,8,17
556,Barry,Quick,bquickff@diigo.com,Genderfluid,A,9,19,14,2,16
557,Selina,Wolledge,swolledgefg@umn.edu,Female,B,12,1,7,9,4
558,Haleigh,Housley,hhousleyfh@blogtalkradio.com,Male,D,2,13,1,6,1
559,Maximilien,Chatan,mchatanfi@hao123.com,Male,B,10,8,8,7,3
560,Eolande,Lyvon,elyvonfj@latimes.com,Female,B,19,1,20,4,6
561,Jermayne,Gerauld,jgerauldfk@upenn.edu,Male,E,3,2,9,8,18
562,Almeta,Soldi,asoldifl@auda.org.au,Bigender,B,8,11,17,12,9
563,Ben,Faircley,bfaircleyfm@google.com.br,Male,B,18,18,9,11,6
564,Walden,Axford,waxfordfn@live.com,Male,B,5,15,15,2,3
565,Raynell,Di Giorgio,rdigiorgiofo@xing.com,Female,D,19,10,7,4,7
566,Norman,Plumbridge,nplumbridgefp@house.gov,Male,F,5,14,1,8,9
567,Astrid,Cosbee,acosbeefq@weibo.com,Female,F,20,3,20,6,15
568,Cyrillus,Scimonelli,cscimonellifr@scientificamerican.com,Male,C,12,13,20,9,2
569,Siusan,Gurner,sgurnerfs@home.pl,Female,D,10,3,16,15,7
570,Gretta,Challis,gchallisft@cornell.edu,Female,C,19,19,19,13,11
571,Charmain,Boyland,cboylandfu@dell.com,Female,B,13,9,17,5,5
572,Dell,Bolingbroke,dbolingbrokefv@ycombinator.com,Bigender,B,20,10,14,1,20
573,Tiena,Shanley,tshanleyfw@sogou.com,Female,B,2,2,15,5,6
574,Callie,Colls,ccollsfx@soundcloud.com,Female,B,10,11,14,6,2
575,Ronni,Pioch,rpiochfy@blogs.com,Female,F,16,18,10,13,10
576,Marys,Garie,mgariefz@bravesites.com,Female,C,17,6,7,1,3
577,Gherardo,Huguet,ghuguetg0@unicef.org,Agender,C,19,2,17,15,16
578,Celisse,Le Clercq,cleclercqg1@nba.com,Female,C,4,2,17,9,6
579,Franciska,Baskerville,fbaskervilleg2@yelp.com,Female,A,2,16,12,5,5
580,Sunshine,Clemits,sclemitsg3@hibu.com,Female,B,20,10,15,6,3
581,Aime,Harrold,aharroldg4@github.io,Female,F,13,19,15,18,10
582,Trula,Barron,tbarrong5@biglobe.ne.jp,Female,A,6,13,18,3,7
583,Peggi,Mitroshinov,pmitroshinovg6@purevolume.com,Female,F,11,11,13,7,20
584,Emelia,Borchardt,eborchardtg7@gravatar.com,Female,B,9,6,1,13,16
585,Yale,Male,ymaleg8@sohu.com,Non-binary,B,9,14,15,12,8
586,Glynda,Flamank,gflamankg9@aboutads.info,Female,B,18,5,16,16,19
587,Florenza,Allanby,fallanbyga@storify.com,Female,F,17,10,9,9,13
588,Ediva,Duplan,eduplangb@java.com,Female,D,12,3,5,2,5
589,Liz,Madine,lmadinegc@360.cn,Female,E,19,16,8,10,8
590,Corine,Bannard,cbannardgd@arstechnica.com,Genderfluid,A,2,11,6,2,20
591,Lynnelle,Talboy,ltalboyge@histats.com,Female,B,7,18,1,2,8
592,Reynard,Coultas,rcoultasgf@go.com,Male,A,14,11,2,15,7
593,Owen,Zuanelli,ozuanelligg@mlb.com,Male,D,12,6,8,10,10
594,Arlinda,Meeus,ameeusgh@dailymotion.com,Female,A,10,8,9,2,16
595,Dunstan,Semper,dsempergi@yelp.com,Male,F,7,4,10,11,18
596,Symon,Powers,spowersgj@boston.com,Male,B,12,1,10,16,16
597,Leon,Dewey,ldeweygk@mayoclinic.com,Male,B,18,18,19,8,20
598,Martyn,Gumery,mgumerygl@walmart.com,Male,B,6,7,3,13,10
599,Berny,Seccombe,bseccombegm@miibeian.gov.cn,Female,C,6,16,8,11,5
600,Chane,Garley,cgarleygn@jimdo.com,Male,C,4,3,9,13,19
601,Mufi,Heddy,mheddygo@infoseek.co.jp,Female,C,2,8,16,18,4
602,Papagena,McOmish,pmcomishgp@cam.ac.uk,Female,B,19,5,12,10,5
603,Kristoffer,Morcombe,kmorcombegq@drupal.org,Male,F,2,18,10,15,8
604,Bernarr,Howerd,bhowerdgr@bbc.co.uk,Male,C,10,15,9,8,2
605,Erek,Sapseed,esapseedgs@sohu.com,Male,B,13,20,14,7,16
606,Sheridan,McElroy,smcelroygt@yellowpages.com,Male,A,13,9,19,19,13
607,Rudie,Hourahan,rhourahangu@comcast.net,Male,E,7,1,5,15,1
608,Tallie,Stormes,tstormesgv@google.de,Male,C,12,15,15,15,13
609,Kassandra,Steutly,ksteutlygw@answers.com,Female,B,12,17,18,16,8
610,Ellsworth,Schulze,eschulzegx@qq.com,Male,F,7,13,18,10,4
611,Marthena,Etchells,metchellsgy@auda.org.au,Female,F,18,4,4,7,4
612,Lind,Thackeray,lthackeraygz@prnewswire.com,Male,E,9,11,8,20,3
613,Chancey,Plevin,cplevinh0@webs.com,Male,F,4,13,7,8,4
614,Marjory,Langland,mlanglandh1@springer.com,Female,A,10,18,8,19,12
615,Marena,Espadas,mespadash2@amazon.co.uk,Female,B,10,9,10,11,4
616,Ezechiel,Hazeldean,ehazeldeanh3@irs.gov,Male,E,19,20,4,1,18
617,Burr,Wroughton,bwroughtonh4@rakuten.co.jp,Male,B,19,3,20,8,18
618,Herby,Senussi,hsenussih5@businessweek.com,Male,B,2,12,1,2,3
619,Betsey,Truss,btrussh6@tripod.com,Female,A,1,6,20,10,3
620,Kip,Jeppensen,kjeppensenh7@virginia.edu,Male,A,14,15,18,9,6
621,Kipp,Shenley,kshenleyh8@seattletimes.com,Female,A,16,12,1,16,7
622,Earle,Massen,emassenh9@dedecms.com,Male,A,7,1,7,11,7
623,Gunilla,Guild,gguildha@furl.net,Female,B,16,9,4,11,6
624,Celesta,Spencer,cspencerhb@toplist.cz,Female,E,4,13,4,11,3
625,Allison,Chesterton,achestertonhc@ox.ac.uk,Polygender,C,2,12,12,12,4
626,Meggie,Drummer,mdrummerhd@hao123.com,Female,C,16,19,20,17,6
627,Pandora,Athy,pathyhe@gnu.org,Female,C,13,3,11,8,6
628,Tracie,Kyne,tkynehf@chronoengine.com,Female,A,11,7,3,9,10
629,Madelin,Bleesing,mbleesinghg@123-reg.co.uk,Female,A,3,16,5,9,5
630,Constantine,Baldrick,cbaldrickhh@constantcontact.com,Bigender,B,11,2,9,7,6
631,Amos,Lamont,alamonthi@symantec.com,Male,B,14,12,11,14,20
632,Laryssa,McCunn,lmccunnhj@omniture.com,Female,B,5,11,7,6,12
633,Irwin,Pyford,ipyfordhk@1und1.de,Male,C,13,1,17,13,8
634,Margit,Chaplyn,mchaplynhl@prnewswire.com,Female,A,16,19,14,20,14
635,Appolonia,Archer,aarcherhm@shinystat.com,Female,E,1,12,17,2,13
636,Vincent,Murty,vmurtyhn@infoseek.co.jp,Agender,D,13,4,16,4,15
637,Alvis,Claque,aclaqueho@ehow.com,Male,A,15,4,8,20,13
638,Chaddy,Neave,cneavehp@wisc.edu,Male,C,8,9,3,3,1
639,Prudy,Leicester,pleicesterhq@feedburner.com,Female,F,11,7,13,7,14
640,Joly,Shemelt,jshemelthr@free.fr,Non-binary,D,8,10,2,18,14
641,Layney,Cheverell,lcheverellhs@list-manage.com,Female,B,7,14,2,18,12
642,Klara,Kleiner,kkleinerht@livejournal.com,Female,C,6,12,10,8,16
643,Opalina,Guidini,oguidinihu@bravesites.com,Female,F,1,4,3,20,17
644,Mel,Hebblethwaite,mhebblethwaitehv@google.de,Female,D,4,15,15,13,10
645,Charlton,Gisbourn,cgisbournhw@sourceforge.net,Male,E,2,10,9,3,3
646,Husain,Diano,hdianohx@msu.edu,Male,D,2,7,15,6,8
647,Chelsey,Greedier,cgreedierhy@flavors.me,Female,A,13,16,18,12,6
648,Clark,Unworth,cunworthhz@arstechnica.com,Male,D,11,1,14,6,13
649,Henrietta,Minty,hmintyi0@wikispaces.com,Genderqueer,E,19,19,6,20,8
650,Aidan,Signoret,asignoreti1@lulu.com,Female,F,8,4,14,12,13
651,Avictor,Gomme,agommei2@wikia.com,Male,B,1,6,15,11,14
652,Norbert,Gitthouse,ngitthousei3@accuweather.com,Male,C,19,18,10,14,12
653,Lou,Flucker,lfluckeri4@dropbox.com,Male,F,7,13,15,9,13
654,Glory,Avramow,gavramowi5@rediff.com,Female,A,8,8,9,14,10
655,Marilin,Walasik,mwalasiki6@dell.com,Female,F,6,7,13,5,3
656,Lindie,Brandenberg,lbrandenbergi7@time.com,Female,C,16,10,17,12,2
657,Wilmette,Ferrier,wferrieri8@live.com,Female,A,5,13,4,12,5
658,Lorenza,Simmell,lsimmelli9@cloudflare.com,Female,E,16,15,14,2,19
659,Leonid,Rogez,lrogezia@webmd.com,Male,B,2,18,19,13,14
660,Bryant,Itzig,bitzigib@elpais.com,Male,C,19,18,13,10,8
661,Kermie,Dryden,kdrydenic@squarespace.com,Male,C,9,2,18,14,6
662,Geralda,Steane,gsteaneid@statcounter.com,Female,B,11,8,11,9,20
663,Carlo,Priddle,cpriddleie@discovery.com,Male,B,16,5,13,14,1
664,Elonore,Barnsdale,ebarnsdaleif@behance.net,Female,D,16,7,6,18,2
665,Adriaens,Cornejo,acornejoig@walmart.com,Female,B,6,2,19,5,9
666,Sanders,Mattiato,smattiatoih@github.com,Male,B,9,9,8,4,6
667,Stafani,Cornwell,scornwellii@prnewswire.com,Female,C,6,1,12,9,15
668,Si,Choppin,schoppinij@canalblog.com,Male,D,19,19,19,13,15
669,Jerrold,Runacres,jrunacresik@freewebs.com,Male,B,13,13,14,16,4
670,Nadya,Strathdee,nstrathdeeil@quantcast.com,Female,E,5,8,7,8,20
671,Matty,Berrill,mberrillim@free.fr,Female,D,11,11,1,14,2
672,Kiersten,Jewks,kjewksin@hao123.com,Female,F,17,8,9,15,5
673,Connie,Huebner,chuebnerio@cam.ac.uk,Male,A,4,1,12,3,15
674,Torrey,Akenhead,takenheadip@newyorker.com,Male,D,19,5,13,7,18
675,Melody,Corrie,mcorrieiq@cbc.ca,Female,A,18,16,1,12,8
676,Warren,Vivians,wviviansir@imageshack.us,Agender,F,17,7,1,3,4
677,Hermon,Theobalds,htheobaldsis@etsy.com,Male,C,20,10,6,8,4
678,Archambault,Beagrie,abeagrieit@cisco.com,Male,C,19,17,13,19,19
679,Lynnell,Rosbrough,lrosbroughiu@slideshare.net,Female,D,16,8,16,19,19
680,Enid,Sisey,esiseyiv@jugem.jp,Female,A,16,19,7,14,7
681,Jerrilee,Myrtle,jmyrtleiw@telegraph.co.uk,Female,C,7,5,20,10,1
682,Jacintha,Berryman,jberrymanix@foxnews.com,Female,B,7,16,18,15,15
683,Liana,McVie,lmcvieiy@hatena.ne.jp,Female,E,18,16,4,14,18
684,Corney,Wadsworth,cwadsworthiz@bloglovin.com,Male,E,2,15,14,12,15
685,Golda,Rizzardo,grizzardoj0@marketwatch.com,Female,B,8,16,13,2,2
686,Harley,Kewish,hkewishj1@vimeo.com,Male,A,14,16,9,10,20
687,Orran,Assandri,oassandrij2@cbslocal.com,Male,C,6,11,15,5,3
688,Joleen,Van Salzberger,jvansalzbergerj3@cbsnews.com,Female,B,1,1,16,10,7
689,Aileen,Arkin,aarkinj4@google.it,Female,C,3,20,12,13,2
690,Abramo,Melding,ameldingj5@tripod.com,Male,A,3,7,4,11,5
691,Tabbitha,Martinson,tmartinsonj6@livejournal.com,Female,C,3,2,12,13,15
692,Janie,Jaumet,jjaumetj7@stumbleupon.com,Female,B,14,5,20,14,14
693,Ania,Keenor,akeenorj8@goodreads.com,Female,E,3,7,2,6,11
694,Winifred,Monketon,wmonketonj9@irs.gov,Female,E,17,10,6,13,14
695,Jasun,Leinster,jleinsterja@amazon.co.uk,Male,C,19,1,17,2,17
696,Davin,Swanbourne,dswanbournejb@dion.ne.jp,Male,C,12,5,2,12,9
697,Sigismund,Middle,smiddlejc@mlb.com,Male,C,10,18,6,5,8
698,Lazare,Deeves,ldeevesjd@oracle.com,Male,F,1,3,19,18,2
699,Charlotte,Levine,clevineje@yelp.com,Female,D,7,2,13,1,9
700,Teena,Bannell,tbannelljf@google.ca,Female,A,18,7,8,4,18
701,Mervin,Nyles,mnylesjg@liveinternet.ru,Male,D,15,16,17,7,18
702,Sherilyn,Fieldstone,sfieldstonejh@merriam-webster.com,Female,D,5,15,10,10,6
703,Rebeka,Sheraton,rsheratonji@edublogs.org,Genderfluid,B,11,13,7,11,4
704,Matthias,Simoes,msimoesjj@feedburner.com,Male,B,3,3,3,17,20
705,Tomasine,Moxsom,tmoxsomjk@cisco.com,Female,C,20,19,5,5,8
706,Harcourt,Chaikovski,hchaikovskijl@com.com,Non-binary,B,19,16,5,6,11
707,Marian,Abbati,mabbatijm@freewebs.com,Female,B,3,10,9,16,5
708,Mireille,Heath,mheathjn@homestead.com,Female,D,18,20,1,17,19
709,Saloma,Cudbird,scudbirdjo@purevolume.com,Female,A,16,15,9,10,2
710,Elena,Fay,efayjp@dmoz.org,Female,B,20,18,6,4,3
711,Belle,Pughsley,bpughsleyjq@ameblo.jp,Female,D,14,8,5,10,13
712,Mureil,Hayden,mhaydenjr@latimes.com,Female,D,4,8,16,18,3
713,Hieronymus,McAnalley,hmcanalleyjs@sitemeter.com,Male,A,9,2,14,14,2
714,Leeann,Hablot,lhablotjt@rakuten.co.jp,Female,A,20,19,17,8,13
715,Jany,Soff,jsoffju@cpanel.net,Female,F,1,4,4,16,10
716,Vinny,Oats,voatsjv@clickbank.net,Female,A,6,4,12,6,12
717,Lolly,Butts,lbuttsjw@nature.com,Bigender,C,5,17,13,7,9
718,Ali,Huton,ahutonjx@ovh.net,Female,A,20,16,19,13,18
719,Conant,Howchin,chowchinjy@parallels.com,Male,F,2,10,18,8,18
720,Sloane,Robertshaw,srobertshawjz@noaa.gov,Male,E,12,8,16,16,2
721,Emmalynne,Guinnane,eguinnanek0@hc360.com,Non-binary,A,20,8,13,14,11
722,Alfie,Rosenfelt,arosenfeltk1@epa.gov,Female,B,16,7,12,14,9
723,Edsel,Ratchford,eratchfordk2@desdev.cn,Male,A,15,15,12,4,15
724,Bianka,Warriner,bwarrinerk3@goodreads.com,Female,A,5,8,19,3,2
725,Adler,Ferroni,aferronik4@epa.gov,Male,C,19,7,10,6,9
726,Kipp,Cawdron,kcawdronk5@time.com,Male,C,9,1,5,8,17
727,Dillon,Berrow,dberrowk6@e-recht24.de,Male,C,16,1,2,19,18
728,Hamish,Bottini,hbottinik7@slate.com,Male,A,2,11,16,16,13
729,Val,Whiten,vwhitenk8@pagesperso-orange.fr,Bigender,B,14,14,11,15,5
730,Meredith,McDermott-Row,mmcdermottrowk9@typepad.com,Female,F,4,5,16,18,6
731,Tobiah,Hemeret,themeretka@goo.gl,Male,B,4,17,2,10,12
732,Reece,Orpyne,rorpynekb@irs.gov,Male,B,5,14,19,11,10
733,Anni,Langhor,alanghorkc@sohu.com,Female,D,6,13,14,8,6
734,Ax,Kornes,akorneskd@umich.edu,Genderqueer,D,9,9,20,15,13
735,Nickie,Cino,ncinoke@soup.io,Male,C,7,17,16,9,18
736,Stoddard,Baskeyfield,sbaskeyfieldkf@xrea.com,Female,D,14,7,5,3,6
737,Millisent,Draco,mdracokg@phpbb.com,Female,A,4,1,19,14,1
738,Esma,Hewlings,ehewlingskh@qq.com,Female,B,8,18,12,11,13
739,Emmery,McTerry,emcterryki@friendfeed.com,Male,C,10,2,7,4,12
740,Noble,Tumasian,ntumasiankj@census.gov,Male,F,12,10,12,10,4
741,Georgetta,Bassett,gbassettkk@acquirethisname.com,Female,E,8,14,13,10,20
742,Kristan,Stoodley,kstoodleykl@zimbio.com,Female,B,4,12,18,3,2
743,Carmita,Titterington,ctitteringtonkm@etsy.com,Female,B,8,19,8,15,3
744,Tabb,Kinneir,tkinneirkn@1und1.de,Male,B,8,1,19,13,12
745,Clayson,McArley,cmcarleyko@skyrock.com,Male,C,14,3,19,13,3
746,Geri,Ronisch,gronischkp@sogou.com,Male,B,1,16,3,15,3
747,Sanderson,McRobert,smcrobertkq@so-net.ne.jp,Male,B,16,5,13,7,15
748,Neale,Kington,nkingtonkr@sphinn.com,Male,C,6,12,10,1,16
749,Blinni,Longley,blongleyks@bandcamp.com,Female,E,16,16,17,11,14
750,Rodolph,Fanner,rfannerkt@msu.edu,Male,C,19,13,1,2,18
751,Manny,Ayce,mayceku@mashable.com,Male,E,6,6,20,6,10
752,Vania,Quarterman,vquartermankv@zimbio.com,Female,E,1,12,8,12,6
753,Cornall,Pillans,cpillanskw@bbb.org,Polygender,E,13,20,7,19,5
754,Angus,Janowicz,ajanowiczkx@unc.edu,Male,B,8,5,12,7,17
755,Giordano,Churchley,gchurchleyky@quantcast.com,Male,C,5,11,9,2,14
756,Buckie,Langstaff,blangstaffkz@answers.com,Male,C,16,1,6,6,11
757,Sunny,Halifax,shalifaxl0@arizona.edu,Female,D,12,11,8,9,16
758,Sofie,Diamond,sdiamondl1@yellowpages.com,Female,B,17,2,14,17,1
759,Samuele,Moens,smoensl2@adobe.com,Agender,D,10,2,6,17,8
760,Demetre,Randle,drandlel3@goo.gl,Male,A,17,12,8,5,6
761,Carlita,Mullard,cmullardl4@indiegogo.com,Female,E,5,10,19,15,1
762,Ambros,Stern,asternl5@smugmug.com,Male,A,9,12,5,10,18
763,Carmelita,Aitken,caitkenl6@archive.org,Female,B,7,4,1,3,3
764,Lindsey,Gostling,lgostlingl7@wordpress.org,Female,E,9,17,18,5,16
765,Sallee,Skain,sskainl8@fc2.com,Female,B,8,10,17,4,9
766,Rivi,Levings,rlevingsl9@shop-pro.jp,Female,B,9,13,19,4,6
767,Shani,Brando,sbrandola@unblog.fr,Female,E,14,2,13,19,15
768,Mendy,Denisevich,mdenisevichlb@dell.com,Male,C,4,17,9,10,5
769,Conn,Mattingson,cmattingsonlc@msn.com,Male,D,18,17,15,10,14
770,Morgen,Pavinese,mpavineseld@weebly.com,Female,C,10,16,5,1,13
771,Etheline,Tiery,etieryle@list-manage.com,Female,B,17,13,17,1,7
772,Megen,Proffer,mprofferlf@dailymail.co.uk,Female,F,14,17,15,9,4
773,Harlie,Spellar,hspellarlg@blogtalkradio.com,Non-binary,C,15,11,17,2,9
774,Aloise,Dobey,adobeylh@businessweek.com,Female,B,12,5,7,7,9
775,Maisey,Kilfether,mkilfetherli@is.gd,Female,B,17,7,5,11,13
776,Garald,Litherborough,glitherboroughlj@last.fm,Male,B,18,11,11,10,17
777,Vinson,Fernely,vfernelylk@deliciousdays.com,Male,C,18,13,9,17,14
778,Friedrich,Nusche,fnuschell@1und1.de,Male,D,7,7,20,8,19
779,Eadmund,Canet,ecanetlm@cargocollective.com,Male,D,13,4,10,4,9
780,Auroora,Pyett,apyettln@oakley.com,Female,D,12,13,12,1,14
781,Barr,Mikalski,bmikalskilo@wix.com,Male,A,17,5,7,12,4
782,Norrie,Seekings,nseekingslp@about.me,Bigender,E,18,9,12,5,10
783,Branden,Leeburn,bleeburnlq@epa.gov,Male,E,16,17,12,14,18
784,Gorden,Havoc,ghavoclr@phpbb.com,Bigender,F,11,12,15,17,16
785,Carmela,Collar,ccollarls@google.com,Female,A,14,5,15,17,2
786,Natalie,Haverty,nhavertylt@google.co.jp,Female,C,11,5,20,10,16
787,Trescha,Kun,tkunlu@berkeley.edu,Female,E,18,16,2,5,11
788,Daniela,Sponton,dspontonlv@wordpress.org,Female,C,6,14,20,18,4
789,Susann,Sharp,ssharplw@pbs.org,Female,D,12,3,9,20,14
790,Ernst,Frugier,efrugierlx@theglobeandmail.com,Male,A,16,4,8,11,20
791,Gloriane,Gallamore,ggallamorely@topsy.com,Female,D,13,6,19,10,1
792,Rodolph,O'Nowlan,ronowlanlz@prnewswire.com,Male,D,19,5,17,9,1
793,Calla,Keech,ckeechm0@biblegateway.com,Bigender,E,18,19,7,3,13
794,Holli,Rundle,hrundlem1@google.com,Female,E,13,9,3,8,14
795,Clarissa,Happel,chappelm2@accuweather.com,Polygender,C,16,9,17,9,19
796,Sherri,McRannell,smcrannellm3@wiley.com,Female,C,14,10,8,13,15
797,Trenna,Mathwen,tmathwenm4@friendfeed.com,Female,D,11,3,8,20,14
798,Fallon,Swepstone,fswepstonem5@cdc.gov,Genderqueer,B,15,7,2,18,6
799,Ravi,Kiledal,rkiledalm6@barnesandnoble.com,Male,B,1,2,6,18,6
800,Olivie,Vellacott,ovellacottm7@theatlantic.com,Female,F,16,17,12,7,16
801,Ailee,Deelay,adeelaym8@rambler.ru,Female,B,11,14,10,3,14
802,Atlanta,Gaine of England,againeofenglandm9@macromedia.com,Female,D,12,5,8,11,3
803,Lorrie,Prudence,lprudencema@nyu.edu,Male,B,4,8,12,4,19
804,Gunar,Bebis,gbebismb@wikimedia.org,Male,F,3,1,17,17,11
805,Renie,Aldwich,raldwichmc@theglobeandmail.com,Female,A,13,11,14,5,15
806,Andree,Colvill,acolvillmd@prweb.com,Female,E,2,15,4,5,20
807,Timi,Broughton,tbroughtonme@cnbc.com,Female,D,16,2,10,15,18
808,Lettie,Switland,lswitlandmf@latimes.com,Female,A,2,17,11,18,5
809,Rossy,Midgely,rmidgelymg@miibeian.gov.cn,Male,A,2,14,6,17,14
810,Braden,Paske,bpaskemh@amazon.co.jp,Male,B,6,13,8,14,3
811,Gianni,Kores,gkoresmi@sun.com,Male,A,9,15,12,18,20
812,Cissy,Courtin,ccourtinmj@prlog.org,Female,A,12,18,20,16,13
813,Ronalda,Kindell,rkindellmk@gmpg.org,Female,E,1,10,2,4,10
814,Reginald,Corkan,rcorkanml@wikipedia.org,Male,C,13,13,1,11,10
815,Vaughan,Millwater,vmillwatermm@hubpages.com,Male,E,18,13,12,18,7
816,Carolina,Cardenas,ccardenasmn@multiply.com,Female,A,11,14,8,6,4
817,Melantha,Maier,mmaiermo@tinyurl.com,Female,C,13,12,18,7,17
818,Esme,Hardan,ehardanmp@ycombinator.com,Non-binary,E,8,13,11,15,12
819,Enid,Binch,ebinchmq@comsenz.com,Female,B,3,17,3,4,17
820,Dasi,Gonsalo,dgonsalomr@cnbc.com,Polygender,A,13,19,6,13,6
821,Flint,Lafontaine,flafontainems@blogs.com,Male,C,15,12,14,18,15
822,Cortie,Foss,cfossmt@blogger.com,Male,B,13,10,2,10,18
823,Patti,Delaney,pdelaneymu@mozilla.com,Female,D,12,10,20,8,1
824,Rhett,Rennicks,rrennicksmv@plala.or.jp,Male,B,12,12,16,11,6
825,Stanfield,Severns,ssevernsmw@amazon.de,Male,A,10,16,4,5,9
826,Ruby,Semor,rsemormx@com.com,Female,D,4,8,16,16,13
827,Bay,Helsdon,bhelsdonmy@noaa.gov,Male,D,9,14,10,18,11
828,Genna,Drohan,gdrohanmz@netscape.com,Female,A,7,8,20,10,11
829,Carroll,Tumielli,ctumiellin0@state.tx.us,Female,C,8,3,9,3,18
830,Lucienne,Matis,lmatisn1@list-manage.com,Non-binary,E,11,16,2,8,12
831,Vasili,Dibner,vdibnern2@foxnews.com,Male,F,13,2,19,7,12
832,Derrick,Patshull,dpatshulln3@slate.com,Male,A,13,18,10,8,3
833,Hogan,McCreary,hmccrearyn4@wsj.com,Male,C,3,4,5,18,17
834,Lowell,Spinola,lspinolan5@booking.com,Male,D,14,14,7,3,7
835,Saul,Ellam,sellamn6@europa.eu,Male,C,8,19,9,5,4
836,Ezequiel,Mackerel,emackereln7@networksolutions.com,Male,C,19,4,16,3,14
837,Bailie,Wooton,bwootonn8@mozilla.com,Male,B,6,1,6,20,8
838,Gael,Strank,gstrankn9@fotki.com,Female,B,1,4,3,9,10
839,Eduardo,Vischi,evischina@mail.ru,Male,B,15,20,6,14,9
840,Flore,Redshaw,fredshawnb@nymag.com,Female,A,15,14,4,10,11
841,Ernie,Reven,erevennc@123-reg.co.uk,Male,B,10,7,10,14,2
842,Esmaria,MacGeffen,emacgeffennd@springer.com,Female,A,14,7,15,15,8
843,Harrie,Frushard,hfrushardne@archive.org,Female,D,3,8,20,17,17
844,Bibbie,Corneille,bcorneillenf@ox.ac.uk,Polygender,D,3,19,20,2,7
845,Gael,Lilley,glilleyng@oaic.gov.au,Female,B,20,12,3,17,16
846,Domenic,Sinkin,dsinkinnh@cmu.edu,Male,C,3,4,16,7,10
847,Patton,Smewin,psmewinni@ucsd.edu,Male,B,17,12,13,4,8
848,Afton,Winsome,awinsomenj@tinypic.com,Female,C,16,18,14,2,2
849,Karil,Griggs,kgriggsnk@mail.ru,Female,C,7,18,5,10,13
850,Rebekkah,Weathers,rweathersnl@lulu.com,Female,D,4,12,2,3,15
851,Tabbie,Jacqueminot,tjacqueminotnm@prnewswire.com,Female,A,8,7,20,16,17
852,Nappie,Upstone,nupstonenn@prlog.org,Male,D,15,4,12,7,12
853,Gaelan,Canti,gcantino@tiny.cc,Male,B,9,8,19,13,10
854,Carlynn,Gritland,cgritlandnp@statcounter.com,Female,B,4,5,6,2,6
855,Shaw,Maddams,smaddamsnq@hc360.com,Male,B,19,10,11,8,4
856,Ricoriki,Cracoe,rcracoenr@w3.org,Male,C,12,14,6,9,1
857,Farley,Vannini,fvanninins@altervista.org,Male,C,20,2,3,11,13
858,Chip,Latham,clathamnt@studiopress.com,Male,D,18,8,12,8,17
859,Jeddy,Selby,jselbynu@hc360.com,Male,D,5,8,11,10,6
860,Terence,Pepye,tpepyenv@furl.net,Male,B,3,5,5,19,2
861,Tamar,Goldson,tgoldsonnw@studiopress.com,Female,D,5,2,7,6,8
862,Lucia,Gouldstone,lgouldstonenx@reference.com,Female,D,15,1,10,15,4
863,Abagael,Randals,arandalsny@etsy.com,Female,F,2,17,15,17,9
864,Burk,Ledner,blednernz@github.io,Male,E,14,18,3,17,5
865,Pansy,Petrashov,ppetrashovo0@prweb.com,Polygender,B,2,19,8,13,17
866,Gav,Howe,ghoweo1@xrea.com,Male,C,18,11,16,16,18
867,Marcille,Maplethorpe,mmaplethorpeo2@yolasite.com,Female,F,10,8,17,13,18
868,Welbie,Conley,wconleyo3@topsy.com,Male,A,11,5,19,14,3
869,Lezlie,Kem,lkemo4@sina.com.cn,Female,A,13,14,18,12,16
870,Porty,Mattson,pmattsono5@imdb.com,Genderqueer,B,9,6,8,13,7
871,Gale,Frackiewicz,gfrackiewiczo6@dropbox.com,Non-binary,E,9,17,8,3,7
872,Cally,Andrus,candruso7@microsoft.com,Female,D,1,8,5,4,4
873,Morrie,Sedgmond,msedgmondo8@deviantart.com,Male,B,19,9,5,18,20
874,Albie,Giraudo,agiraudoo9@friendfeed.com,Male,D,18,7,20,4,17
875,Shell,Smith,ssmithoa@sfgate.com,Male,D,19,3,17,18,8
876,Derek,Reihm,dreihmob@epa.gov,Male,A,10,1,11,8,10
877,Clea,Simeons,csimeonsoc@amazon.de,Female,D,4,16,6,16,15
878,Lester,Gianotti,lgianottiod@netlog.com,Male,F,18,16,8,4,4
879,Terri,Beaston,tbeastonoe@amazon.de,Polygender,E,19,10,4,2,2
880,Heather,Alam,halamof@mail.ru,Female,C,19,2,20,17,16
881,Wendeline,Ortiga,wortigaog@pen.io,Non-binary,E,9,14,3,19,19
882,Mace,Sutter,msutteroh@youtube.com,Bigender,B,8,14,10,15,3
883,Tatum,Butrimovich,tbutrimovichoi@desdev.cn,Female,C,17,10,11,2,9
884,Kessiah,Durrance,kdurranceoj@nba.com,Female,B,7,3,15,5,16
885,Trudie,Meldon,tmeldonok@sitemeter.com,Female,D,11,1,5,6,6
886,Hester,Thickins,hthickinsol@utexas.edu,Female,B,1,6,3,15,18
887,Abram,Slorach,aslorachom@tinypic.com,Male,B,4,1,3,9,7
888,Rriocard,Larret,rlarreton@forbes.com,Male,B,16,19,4,18,16
889,Carma,Lind,clindoo@etsy.com,Female,B,17,19,20,17,5
890,Luciano,Snazle,lsnazleop@yandex.ru,Male,E,15,17,11,4,15
891,Gearalt,Suggey,gsuggeyoq@youtu.be,Male,C,1,15,2,11,20
892,Scarface,Godding,sgoddingor@odnoklassniki.ru,Male,B,5,15,17,2,9
893,Nappie,Hentzer,nhentzeros@topsy.com,Male,A,18,2,13,1,2
894,Merill,Korneichik,mkorneichikot@redcross.org,Male,D,13,10,14,5,14
895,Dayle,Giovannardi,dgiovannardiou@tripadvisor.com,Female,D,20,5,3,5,6
896,Rudy,Carriage,rcarriageov@samsung.com,Agender,C,1,7,20,12,7
897,Clayborn,Hanbury-Brown,chanburybrownow@soundcloud.com,Male,C,17,6,9,3,3
898,Derrik,Ellesworthe,delleswortheox@businessinsider.com,Male,C,8,20,5,5,2
899,Fletcher,Alejo,falejooy@wsj.com,Male,D,12,10,3,5,19
900,Helga,Burrill,hburrilloz@ucla.edu,Female,C,2,1,3,13,2
901,Gaynor,Wither,gwitherp0@marriott.com,Female,A,2,16,4,20,6
902,Rolfe,Etheredge,retheredgep1@blog.com,Male,E,16,4,8,20,20
903,Rosabella,Dubois,rduboisp2@npr.org,Female,E,4,10,20,19,14
904,Giulio,Parsons,gparsonsp3@examiner.com,Genderfluid,C,5,6,15,15,18
905,Albrecht,Servis,aservisp4@cnn.com,Male,D,17,10,6,19,15
906,Dalston,Treffry,dtreffryp5@php.net,Genderfluid,C,10,5,12,6,20
907,Rona,Casillas,rcasillasp6@nytimes.com,Female,D,12,20,5,7,8
908,Jaime,Pedracci,jpedraccip7@plala.or.jp,Female,C,9,9,4,9,15
909,Abbey,Sherington,asheringtonp8@wired.com,Female,C,3,19,20,19,1
910,Tobe,Hartmann,thartmannp9@archive.org,Female,C,10,15,17,7,18
911,Donalt,Rosle,droslepa@cam.ac.uk,Male,C,12,16,15,12,20
912,Maribeth,De Meyer,mdemeyerpb@so-net.ne.jp,Female,D,15,14,4,1,8
913,Rodrique,Alldis,ralldispc@nature.com,Male,D,16,11,18,17,8
914,Gerrard,Royle,groylepd@g.co,Polygender,B,20,2,20,5,1
915,Theobald,Fresson,tfressonpe@elegantthemes.com,Non-binary,B,5,3,1,5,10
916,Lewiss,Tunbridge,ltunbridgepf@shareasale.com,Male,C,20,11,8,20,9
917,Geoffrey,Gerhold,ggerholdpg@columbia.edu,Male,A,15,10,3,3,14
918,Hyman,Gostling,hgostlingph@meetup.com,Male,E,17,15,2,6,5
919,Kristos,Lewis,klewispi@skyrock.com,Male,C,7,12,16,19,16
920,Fredrika,Caslake,fcaslakepj@nsw.gov.au,Female,D,20,13,17,2,19
921,Edmund,Waymont,ewaymontpk@princeton.edu,Male,A,8,8,7,15,19
922,Cleavland,Ramme,crammepl@toplist.cz,Male,B,4,6,1,4,13
923,Masha,Richings,mrichingspm@mapquest.com,Female,A,18,4,3,6,7
924,Ashlen,Fleischmann,afleischmannpn@booking.com,Female,F,1,1,20,15,8
925,Angel,Mathe,amathepo@google.ca,Female,D,16,12,1,6,3
926,Tiffi,Pengelley,tpengelleypp@odnoklassniki.ru,Female,A,1,14,19,7,19
927,Lea,Jaume,ljaumepq@biblegateway.com,Female,E,3,13,18,9,14
928,Salome,Carlin,scarlinpr@youtu.be,Female,C,11,4,7,9,4
929,Lanna,Longland,llonglandps@chron.com,Female,B,8,19,19,9,4
930,Isidor,Spinke,ispinkept@nyu.edu,Male,C,10,9,15,10,19
931,Jedediah,Sowley,jsowleypu@mapy.cz,Agender,D,2,14,20,10,17
932,Flor,Hanning,fhanningpv@netvibes.com,Female,B,16,2,8,12,17
933,Melita,Ladley,mladleypw@senate.gov,Female,F,12,10,4,7,10
934,Alanson,Shirley,ashirleypx@webnode.com,Male,F,19,1,20,13,8
935,Simonne,Caudelier,scaudelierpy@sciencedaily.com,Female,D,10,15,1,14,14
936,Nike,Escot,nescotpz@jugem.jp,Female,C,8,20,5,12,6
937,Brion,Axtens,baxtensq0@scientificamerican.com,Male,A,2,2,7,2,13
938,Garnet,Blyth,gblythq1@columbia.edu,Female,B,1,5,14,4,8
939,Sybila,Paddington,spaddingtonq2@google.co.uk,Female,B,1,17,9,7,13
940,Thedrick,Langhorne,tlanghorneq3@gravatar.com,Male,B,9,19,18,10,12
941,Sollie,Lergan,slerganq4@ucsd.edu,Male,B,17,17,16,18,17
942,Conney,Iles,cilesq5@wikispaces.com,Male,B,1,20,11,2,13
943,Louis,Jerche,ljercheq6@dot.gov,Male,E,16,17,20,19,15
944,Isidro,Churm,ichurmq7@ca.gov,Male,B,19,7,16,18,16
945,Jeanelle,Garnsey,jgarnseyq8@360.cn,Female,B,12,13,12,10,8
946,Hinze,Pheazey,hpheazeyq9@weibo.com,Male,C,18,18,10,12,18
947,Garnette,Branchet,gbranchetqa@cocolog-nifty.com,Female,B,17,4,7,10,1
948,Alexi,Nesby,anesbyqb@rediff.com,Female,C,11,14,4,19,1
949,Flora,Barabich,fbarabichqc@japanpost.jp,Female,B,15,13,16,10,10
950,Marice,Mossbee,mmossbeeqd@samsung.com,Female,F,16,17,1,6,14
951,Antonia,Souza,asouzaqe@dmoz.org,Female,D,4,8,17,12,20
952,Lorant,Cutts,lcuttsqf@de.vu,Male,A,2,9,4,9,2
953,Dorey,Curson,dcursonqg@mozilla.com,Genderqueer,B,10,4,12,14,20
954,Chane,Blindermann,cblindermannqh@telegraph.co.uk,Genderfluid,A,12,16,5,3,20
955,Darnall,Houndsom,dhoundsomqi@ted.com,Male,B,10,12,13,8,4
956,Tabb,Mixhel,tmixhelqj@umn.edu,Male,D,13,2,13,15,17
957,Valentina,Griffiths,vgriffithsqk@qq.com,Female,B,11,9,20,3,4
958,Ursulina,Riggulsford,uriggulsfordql@nasa.gov,Female,C,7,5,1,10,10
959,Belvia,Raeburn,braeburnqm@wordpress.org,Female,A,14,15,13,4,11
960,Armin,Larn,alarnqn@slideshare.net,Male,F,18,9,7,6,19
961,Randal,Brocking,rbrockingqo@hhs.gov,Male,C,16,6,6,1,14
962,Fremont,Bulfit,fbulfitqp@php.net,Male,C,5,12,15,14,5
963,Thorpe,Engall,tengallqq@statcounter.com,Male,B,3,17,17,7,9
964,Benedetto,Phateplace,bphateplaceqr@github.io,Male,E,3,16,5,5,1
965,Katheryn,Bulcock,kbulcockqs@patch.com,Female,F,13,14,19,18,18
966,Blanca,Braybrooke,bbraybrookeqt@sourceforge.net,Female,F,11,6,15,10,1
967,Carena,Santus,csantusqu@odnoklassniki.ru,Female,B,8,19,3,8,12
968,Aubrey,Doughill,adoughillqv@soundcloud.com,Agender,C,17,8,3,13,6
969,Dorelia,Olliffe,dolliffeqw@smh.com.au,Female,C,12,7,4,7,14
970,Worden,Izchaki,wizchakiqx@google.ca,Male,C,2,7,4,16,4
971,Timmie,Cancelier,tcancelierqy@163.com,Genderqueer,E,10,8,9,8,16
972,Deane,Boulsher,dboulsherqz@hc360.com,Male,F,16,20,3,12,4
973,Shaun,Dunderdale,sdunderdaler0@gov.uk,Male,D,1,6,14,6,8
974,Zachariah,Foster,zfosterr1@youku.com,Male,E,16,9,8,1,6
975,Rennie,Leedal,rleedalr2@admin.ch,Polygender,B,19,4,3,18,1
976,Torrey,Kareman,tkaremanr3@twitpic.com,Male,B,11,1,1,4,9
977,Ivory,Frays,ifraysr4@sun.com,Non-binary,E,18,20,13,16,10
978,Georgiana,Rumgay,grumgayr5@php.net,Female,B,17,14,20,15,2
979,Herby,Claypool,hclaypoolr6@topsy.com,Male,E,8,9,6,10,14
980,Corbett,O'Calleran,cocalleranr7@desdev.cn,Male,A,10,15,14,7,19
981,Lalo,Hookes,lhookesr8@yahoo.com,Male,A,1,3,3,14,13
982,Barbi,Hurll,bhurllr9@walmart.com,Female,B,20,2,20,19,9
983,Caro,Edgecombe,cedgecombera@ow.ly,Female,F,1,6,9,14,6
984,Sibilla,Loveguard,sloveguardrb@theguardian.com,Female,C,1,12,1,20,9
985,Quillan,Carnaman,qcarnamanrc@photobucket.com,Male,C,14,20,16,20,18
986,Demetria,Ragdale,dragdalerd@europa.eu,Female,C,19,20,9,16,20
987,Luelle,Ciabatteri,lciabatterire@salon.com,Female,E,1,17,4,12,11
988,Elnore,Vasiltsov,evasiltsovrf@gov.uk,Female,B,6,18,14,6,2
989,Sandra,Mushett,smushettrg@pagesperso-orange.fr,Female,D,12,11,10,7,4
990,Nonah,Magrannell,nmagrannellrh@yelp.com,Female,A,13,11,5,19,9
991,Stella,Hempel,shempelri@cmu.edu,Non-binary,E,5,9,1,9,11
992,Dido,Dugdale,ddugdalerj@squarespace.com,Female,A,15,1,19,18,5
993,Leroy,Fraczek,lfraczekrk@1und1.de,Male,C,6,19,13,12,17
994,Charlton,Edser,cedserrl@ebay.co.uk,Male,D,13,20,20,6,17
995,Ferrell,Kenworth,fkenworthrm@buzzfeed.com,Polygender,C,13,14,12,7,12
996,Cecilia,Ramlot,cramlotrn@fema.gov,Female,E,16,13,8,19,10
997,Lynsey,Haddy,lhaddyro@apple.com,Female,A,7,17,2,8,11
998,Wells,Praton,wpratonrp@vinaora.com,Male,C,17,9,11,5,8
999,Junina,Bulbrook,jbulbrookrq@uiuc.edu,Female,B,8,17,10,15,12
1000,Jana,Forsdyke,jforsdykerr@ehow.com,Female,B,20,8,16,11,9
